{"cameraMode":{"drawMode":0,"name":"Shaded","section":"Shading Mode"},"sceneLighting":true,"audioPlay":false,"sceneViewState":{"m_AlwaysRefresh":false,"showFog":true,"showSkybox":true,"showFlares":true,"showImageEffects":true,"showParticleSystems":true,"showVisualEffectGraphs":true,"m_FxEnabled":true},"in2DMode":false,"pivot":{"x":1.23131263256073,"y":-19.036724090576173,"z":10.350948333740235},"rotation":{"x":-0.0015079338336363435,"y":0.8293715119361877,"z":-0.5586917400360107,"w":-0.0022385769989341499},"size":34.08905792236328,"orthographic":false}