{"cameraMode":{"drawMode":0,"name":"Shaded","section":"Shading Mode"},"sceneLighting":true,"audioPlay":false,"sceneViewState":{"m_AlwaysRefresh":false,"showFog":true,"showSkybox":true,"showFlares":true,"showImageEffects":true,"showParticleSystems":true,"showVisualEffectGraphs":true,"m_FxEnabled":true},"in2DMode":false,"pivot":{"x":-1.5529950857162476,"y":9.332337379455567,"z":-2.680034637451172},"rotation":{"x":-0.24234305322170258,"y":0.0151314502581954,"z":-0.0037805852480232717,"w":-0.970067024230957},"size":12.992019653320313,"orthographic":true}